;Region;sales_total;quantity_total;discount_mean;discount_median;discount_std;discount_max;discount_min
0;Central;501239.8908;8780.0;0.2403529918209213;0.2;0.26543328346339173;0.8;0.0
1;East;678781.24;10618.0;0.14536516853932327;0.0;0.19315546626974475;0.7;0.0
2;South;391721.905;6209.0;0.14725308641975116;0.2;0.19742048107084448;0.7;0.0
3;West;725457.8245;12266.0;0.10933499843896052;0.0;0.14686063488742396;0.7;0.0
